{
  "meta": {
    "seed": 12345,
    "runs": 10000,
    "months": 60,
    "timestamp": "2026-02-05T22:28:25.018Z"
  },
  "summary": [
    {
      "policy": "conservative",
      "runs": 10000,
      "months": 60,
      "timeToPositive": {
        "count": 4731,
        "mean": 26.044810822236315,
        "min": 3,
        "max": 60,
        "p10": 12,
        "p50": 24,
        "p90": 43
      },
      "timeToStablePlus": {
        "count": 4659,
        "mean": 30.712384631895258,
        "min": 8,
        "max": 60,
        "p10": 17,
        "p50": 29,
        "p90": 47
      },
      "timeToBankrupt": {
        "count": 5176,
        "mean": 17.237055641421946,
        "min": 12,
        "max": 59,
        "p10": 15,
        "p50": 16,
        "p90": 20
      },
      "timeToWin": {
        "count": 0,
        "mean": 0,
        "min": 0,
        "max": 0,
        "p10": 0,
        "p50": 0,
        "p90": 0
      },
      "finalNetWorth": {
        "count": 10000,
        "mean": 5835.883246881698,
        "min": -23617,
        "max": 79915.9959814297,
        "p10": -19117,
        "p50": -4687,
        "p90": 38219.72937827614
      },
      "finalCash": {
        "count": 10000,
        "mean": 10240.025970319983,
        "min": -9107,
        "max": 32783.2872,
        "p10": -4840,
        "p50": 3869,
        "p90": 26597.7696
      },
      "bankruptcyWithin50": {
        "rate": 0.5167
      },
      "events": {
        "total": {
          "count": 10000,
          "mean": 3.5795,
          "min": 0,
          "max": 16,
          "p10": 1,
          "p50": 3,
          "p90": 7
        },
        "positive": {
          "count": 10000,
          "mean": 1.9071,
          "min": 0,
          "max": 11,
          "p10": 0,
          "p50": 2,
          "p90": 4
        },
        "negative": {
          "count": 10000,
          "mean": 1.6724,
          "min": 0,
          "max": 11,
          "p10": 0,
          "p50": 1,
          "p90": 4
        }
      }
    },
    {
      "policy": "balanced",
      "runs": 10000,
      "months": 60,
      "timeToPositive": {
        "count": 4799,
        "mean": 23.9860387580746,
        "min": 3,
        "max": 60,
        "p10": 11,
        "p50": 22,
        "p90": 39
      },
      "timeToStablePlus": {
        "count": 4746,
        "mean": 29,
        "min": 8,
        "max": 60,
        "p10": 16,
        "p50": 27,
        "p90": 44
      },
      "timeToBankrupt": {
        "count": 5153,
        "mean": 17.176013972443236,
        "min": 12,
        "max": 59,
        "p10": 15,
        "p50": 16,
        "p90": 20
      },
      "timeToWin": {
        "count": 0,
        "mean": 0,
        "min": 0,
        "max": 0,
        "p10": 0,
        "p50": 0,
        "p90": 0
      },
      "finalNetWorth": {
        "count": 10000,
        "mean": 9936.037418831977,
        "min": -22942,
        "max": 215678.17248622247,
        "p10": -19065,
        "p50": -580.0082946064686,
        "p90": 47600.76052102483
      },
      "finalCash": {
        "count": 10000,
        "mean": 6867.853999149992,
        "min": -9834,
        "max": 22117.26018,
        "p10": -4784,
        "p50": 3589,
        "p90": 18815
      },
      "bankruptcyWithin50": {
        "rate": 0.5147
      },
      "events": {
        "total": {
          "count": 10000,
          "mean": 3.5641,
          "min": 0,
          "max": 15,
          "p10": 1,
          "p50": 3,
          "p90": 7
        },
        "positive": {
          "count": 10000,
          "mean": 1.8928,
          "min": 0,
          "max": 10,
          "p10": 0,
          "p50": 1,
          "p90": 4
        },
        "negative": {
          "count": 10000,
          "mean": 1.6713,
          "min": 0,
          "max": 11,
          "p10": 0,
          "p50": 1,
          "p90": 4
        }
      }
    },
    {
      "policy": "aggressive",
      "runs": 10000,
      "months": 60,
      "timeToPositive": {
        "count": 4091,
        "mean": 6.896357858714251,
        "min": 2,
        "max": 17,
        "p10": 3,
        "p50": 6,
        "p90": 11
      },
      "timeToStablePlus": {
        "count": 4055,
        "mean": 12.780271270036991,
        "min": 7,
        "max": 38,
        "p10": 8,
        "p50": 12,
        "p90": 18
      },
      "timeToBankrupt": {
        "count": 6111,
        "mean": 11.303878252331861,
        "min": 8,
        "max": 60,
        "p10": 9,
        "p50": 10,
        "p90": 13
      },
      "timeToWin": {
        "count": 12,
        "mean": 55.333333333333336,
        "min": 46,
        "max": 59,
        "p10": 51,
        "p50": 56,
        "p90": 58
      },
      "finalNetWorth": {
        "count": 10000,
        "mean": 40008.46150771833,
        "min": -15791.51539089973,
        "max": 3201586.7199962684,
        "p10": -7231.382459756964,
        "p50": 4565.684427171818,
        "p90": 117767.07885462488
      },
      "finalCash": {
        "count": 10000,
        "mean": 4468.967625339336,
        "min": -4.070504289123392,
        "max": 11183.528600000001,
        "p10": -0.006712499999999899,
        "p50": 3870,
        "p90": 10255.4368
      },
      "bankruptcyWithin50": {
        "rate": 0.607
      },
      "events": {
        "total": {
          "count": 10000,
          "mean": 2.8693,
          "min": 0,
          "max": 17,
          "p10": 0,
          "p50": 2,
          "p90": 7
        },
        "positive": {
          "count": 10000,
          "mean": 1.5213,
          "min": 0,
          "max": 10,
          "p10": 0,
          "p50": 1,
          "p90": 4
        },
        "negative": {
          "count": 10000,
          "mean": 1.348,
          "min": 0,
          "max": 9,
          "p10": 0,
          "p50": 1,
          "p90": 4
        }
      }
    }
  ]
}